/*
SQLyog Professional v12.5.1 (64 bit)
MySQL - 5.7.24 : Database - kasir
*********************************************************************
*/

/*!40101 SET NAMES utf8 */;

/*!40101 SET SQL_MODE=''*/;

/*!40014 SET @OLD_UNIQUE_CHECKS=@@UNIQUE_CHECKS, UNIQUE_CHECKS=0 */;
/*!40014 SET @OLD_FOREIGN_KEY_CHECKS=@@FOREIGN_KEY_CHECKS, FOREIGN_KEY_CHECKS=0 */;
/*!40101 SET @OLD_SQL_MODE=@@SQL_MODE, SQL_MODE='NO_AUTO_VALUE_ON_ZERO' */;
/*!40111 SET @OLD_SQL_NOTES=@@SQL_NOTES, SQL_NOTES=0 */;
CREATE DATABASE /*!32312 IF NOT EXISTS*/`kasir` /*!40100 DEFAULT CHARACTER SET latin1 */;

USE `kasir`;

/*Table structure for table `admin` */

DROP TABLE IF EXISTS `admin`;

CREATE TABLE `admin` (
  `id` int(11) NOT NULL AUTO_INCREMENT,
  `username` varchar(15) DEFAULT NULL,
  `password` varchar(50) DEFAULT NULL,
  `nama` varchar(50) DEFAULT NULL,
  `foto` varchar(255) DEFAULT NULL,
  `authority_level` varchar(50) NOT NULL,
  PRIMARY KEY (`id`)
) ENGINE=InnoDB AUTO_INCREMENT=10 DEFAULT CHARSET=latin1;

/*Data for the table `admin` */

insert  into `admin`(`id`,`username`,`password`,`nama`,`foto`,`authority_level`) values 
(1,'admin','21232f297a57a5a743894a0e4a801fc3','admin','profil11.jpg','ADMIN'),
(5,'NANANG','38a96b68040b114e0665be56fe0e7e26','NANANG',NULL,'KASIR'),
(6,'kasir','c7911af3adbd12a035b289556d96470a','KASIR',NULL,'KASIR'),
(9,'aan1','c400557746413ee8cb616664f5912530','AAN',NULL,'ADMIN');

/*Table structure for table `data_barang` */

DROP TABLE IF EXISTS `data_barang`;

CREATE TABLE `data_barang` (
  `id` int(11) NOT NULL AUTO_INCREMENT,
  `id_brg` varchar(50) NOT NULL COMMENT 'prefix 3 karakter pertama + lima digit generate',
  `barcode_brg` varchar(50) DEFAULT NULL COMMENT 'barcode di barang',
  `nama_brg` varchar(40) NOT NULL,
  `kategori` varchar(40) NOT NULL,
  `hrg_beli_pcs` int(10) DEFAULT '0',
  `hrg_beli_pax` int(10) DEFAULT '0',
  `hrg_beli_dus` int(10) DEFAULT '0',
  `pcs_hrgjual_retail` int(10) DEFAULT '0',
  `pax_hrgjual_retail` int(10) DEFAULT '0',
  `dus_hrgjual_retail` int(10) DEFAULT '0',
  `pcs_hrgjual_grosir` int(10) DEFAULT '0',
  `pax_hrgjual_grosir` int(10) DEFAULT '0',
  `dus_hrgjual_grosir` int(10) DEFAULT '0',
  `keterangan` varchar(200) DEFAULT NULL,
  PRIMARY KEY (`id`)
) ENGINE=InnoDB AUTO_INCREMENT=82 DEFAULT CHARSET=latin1;

/*Data for the table `data_barang` */

insert  into `data_barang`(`id`,`id_brg`,`barcode_brg`,`nama_brg`,`kategori`,`hrg_beli_pcs`,`hrg_beli_pax`,`hrg_beli_dus`,`pcs_hrgjual_retail`,`pax_hrgjual_retail`,`dus_hrgjual_retail`,`pcs_hrgjual_grosir`,`pax_hrgjual_grosir`,`dus_hrgjual_grosir`,`keterangan`) values 
(31,'16900001','8997018920135','169','33',5000,50000,0,5500,0,0,5200,51000,0,'HARGA / BUNGKUS / PAK'),
(32,'ARO00001','8994796271299','AROMA BOLD 12','33',10000,100000,0,11000,0,0,10200,0,0,'HARGA / BUNGKUS'),
(33,'ARO00002','8994796271268','AROMA BOLD 12','33',10000,100000,0,0,0,0,0,101000,0,'HARGA / PAK'),
(34,'ARO00003','8994796161279','AROMA SLIM 12','33',7300,73000,0,8000,0,0,7500,0,0,'HARGA / BUNGKUS'),
(35,'ARO00004','8994796161248','AROMA SLIM 12','33',7300,73000,0,0,0,0,0,74000,0,'HARGA / PAK'),
(36,'ARO00005','8994796151294','AROMA SLIM 16','33',10400,104000,0,11000,0,0,10500,0,0,'HARGA / BUNGKUS'),
(37,'ARO00006','8994796151300','AROMA SLIM 16','33',10400,104000,0,0,0,0,0,104500,0,'HARGA / PAK'),
(38,'CLA00001','8993989311699','CLAS MILD 16','33',20700,207000,0,21500,0,0,21000,0,0,'HARGA / BUNGKUS'),
(39,'CLA00002','8993989311668','CLAS MILD 16','33',20700,207000,0,0,0,0,0,208000,0,'HARGA / PAK'),
(40,'CLA00003','8993989331659','CLAS MILD SILVER 16','33',15800,158000,0,16500,0,0,16000,159000,0,'HARGA / BUNGKUS / PAK'),
(43,'DJA00027','8991906101767','DJARUM 76-10','33',9800,98000,0,11000,0,0,10000,0,0,'HARGA / BUNGKUS'),
(44,'DJA00028','8991906151762','DJARUM 76-10','33',9800,98000,0,0,0,0,0,99000,0,'HARGA / PAK'),
(45,'DJA00030','8991906101668','DJARUM 76-12','33',12600,126000,0,13000,0,0,12800,0,0,'HARGA / BUNGKUS'),
(46,'DJA00031','8991906151663','DJARUM 76-12','33',12600,126000,0,0,0,0,0,126500,0,'HARGA / PAK'),
(47,'DJA00032','8991906101729','DJARUM 76-16','33',17200,172000,0,18000,0,0,17500,0,0,'HARGA / BUNGKUS'),
(48,'DJA00033','8991906151724','DJARUM 76-16','33',17200,172000,0,0,0,0,0,173000,0,'HARGA / PAK'),
(49,'DJA00034','8991906707785','DJARUM BLACK 16','33',20800,208000,0,21500,0,0,21000,0,0,'HARGA / BUNGKUS'),
(50,'DJA00035','8991906151120','DJARUM BLACK 16','33',20800,208000,0,0,0,0,0,209000,0,'HARGA / PAK'),
(51,'DJA00009','8991906101132','DJARUM LA MERAH 12','33',15100,151000,0,15500,0,0,15300,0,0,'HARGA / BUNGKUS'),
(52,'DJA00010','8991906151137','DJARUM LA MERAH 12','33',15100,151000,0,0,0,0,0,152000,0,'HARGA / PAK'),
(53,'DJA00011','8991906101057','DJARUM LA MERAH 16','33',20800,208000,0,21500,0,0,21000,0,0,'HARGA / BUNGKUS'),
(54,'DJA00012','8991906151052','DJARUM LA MERAH 16','33',20800,208000,0,0,0,0,0,209000,0,'HARGA / PAK'),
(55,'DJA00013','8991906108896','DJARUM LA BOLD 12','33',15000,150000,0,15500,0,0,15200,0,0,'HARGA / BUNGKUS'),
(56,'DJA00014','8991906158891','DJARUM LA BOLD 12','33',15000,150000,0,0,0,0,0,151000,0,'HARGA / PAK'),
(57,'DJA00015','8991906101422','DJARUM LA BOLD 16','33',19100,191000,0,20000,0,0,19300,192000,0,'HARGA / BUNGKUS / PAK'),
(58,'DJA00016','8991906105758','DJARUM LA BOLD 20','33',23200,232000,0,24000,0,0,23500,0,0,'HARGA / BUNGKUS'),
(59,'DJA00017','8991906155753','DJARUM LA BOLD 20','33',23200,232000,0,0,0,0,0,233000,0,'HARGA / PAK'),
(60,'DJA00018','8991906101101','DJARUM LA ICE 16','33',20800,208000,0,21500,0,0,21000,0,0,'HARGA / BUNGKUS'),
(61,'DJA00019','8991906151106','DJARUM LA ICE 16','33',20800,208000,0,0,0,0,0,209000,0,'HARGA / PAK'),
(62,'DJA00020','8991906101071','DJARUM LA MENTOL 16','33',20800,208000,0,21500,0,0,21000,0,0,'HARGA / BUNGKUS'),
(63,'DJA00021','8991906151076','DJARUM LA MENTOL 16','33',20800,208000,0,0,0,0,0,209000,0,'HARGA / PAK'),
(64,'DJA00022','8991906101019','DJARUM SUPER 12','33',16500,165000,0,17000,0,0,16700,0,0,'HARGA / BUNGKUS'),
(65,'DJA00023','8991906151014','DJARUM SUPER 12','33',16500,165000,0,0,0,0,0,166000,0,'HARGA / PAK'),
(66,'DJA00024','8991906101026','DJARUM SUPER 16','33',22500,225000,0,23000,0,0,22700,0,0,'HARGA / BUNGKUS'),
(67,'DJA00025','8991906151021','DJARUM SUPER 16','33',22500,225000,0,0,0,0,0,226000,0,'HARGA / PAK'),
(68,'DJA00026','8991906101620','DJARUM SUPER 50','33',64900,324500,0,70000,0,0,67000,326000,0,'HARGA / BUNGKUS / PAK'),
(69,'DJA00001','8991906108384','DJARUM SUPER MLD HITAM 12','33',15000,150000,0,15500,0,0,15200,0,0,'HARGA / BUNGKUS'),
(70,'DJA00002','8991906158389','DJARUM SUPER MLD HITAM 12','33',15000,150000,0,0,0,0,0,151000,0,'HARGA / PAK'),
(71,'DJA00003','8991906109992','DJARUM SUPER MLD HITAM 16','33',20900,209000,0,21500,0,0,21200,0,0,'HARGA / BUNGKUS'),
(72,'DJA00004','8991906159997','DJARUM SUPER MLD HITAM 16','33',20900,209000,0,0,0,0,0,210000,0,'HARGA / PAK'),
(73,'DJA00005','8991906101415','DJARUM SUPER MLD PUTIH 12','33',14200,142000,0,15000,0,0,14500,0,0,'HARGA / BUNGKUS'),
(74,'DJA00006','8991906151410','DJARUM SUPER MLD PUTIH 12','33',14200,142000,0,0,0,0,0,143000,0,'HARGA / PAK'),
(76,'DJA00007','8991906151366','DJARUM SUPER MLD PUTIH 20','33',24000,240000,0,0,0,0,0,241000,0,'HARGA / PAK'),
(77,'DUN00001','8998127921754','DUNHILL FILTER HITAM 12','33',13300,133000,0,15000,0,0,14000,135000,0,'HARGA / BUNGKUS / PAK'),
(78,'DUN00002','8998127912363','DUNHILL FILTER HITAM 16','33',21300,213000,0,22000,0,0,21500,214000,0,'HARGA / BUNGKUS / PAK'),
(79,'DUN00003','8998127921709','DUNHILL MILD 16','33',18300,183000,0,19000,0,0,18500,184000,0,'HARGA / BUNGKUS / PAK'),
(80,'DUN00004','8998127912370','DUNHILL MILD 20','33',27200,272000,0,28000,0,0,27500,273000,0,'HARGA / BUNGKUS / PAK'),
(81,'DJA00008','8991906101361','DJARUM SUPER MLD PUTIH 20','33',24000,240000,0,24500,0,0,24200,0,0,'HARGA / BUNGKUS');

/*Table structure for table `data_detail_jual` */

DROP TABLE IF EXISTS `data_detail_jual`;

CREATE TABLE `data_detail_jual` (
  `d_jual_id` int(11) NOT NULL AUTO_INCREMENT,
  `d_jual_nofak` varchar(15) DEFAULT NULL,
  `d_jual_barang_id` varchar(15) DEFAULT NULL,
  `d_jual_barang_nama` varchar(150) DEFAULT NULL,
  `d_jual_barang_satuan` varchar(30) DEFAULT NULL,
  `d_jual_barang_harpok` double DEFAULT NULL,
  `d_jual_barang_harjul` double DEFAULT NULL,
  `d_jual_qty` int(11) DEFAULT NULL,
  `d_jual_diskon` double DEFAULT NULL,
  `d_jual_total` double DEFAULT NULL,
  PRIMARY KEY (`d_jual_id`)
) ENGINE=InnoDB AUTO_INCREMENT=145 DEFAULT CHARSET=latin1;

/*Data for the table `data_detail_jual` */

insert  into `data_detail_jual`(`d_jual_id`,`d_jual_nofak`,`d_jual_barang_id`,`d_jual_barang_nama`,`d_jual_barang_satuan`,`d_jual_barang_harpok`,`d_jual_barang_harjul`,`d_jual_qty`,`d_jual_diskon`,`d_jual_total`) values 
(128,'170520000001','LAB00001','LA BOLD 20','PCS',23200,24000,1,0,24000),
(129,'170520000002','LAB00001','LA BOLD 20','PCS',23200,24000,1,0,24000),
(130,'170520000003','SUR00001','SURYA PRO','PCS',1,4,1,0,4),
(131,'170520000004','SUR00001','SURYA PRO','PCS',1,4,1,0,4),
(132,'170520000005','LAB00001','LA BOLD 20','PCS',23200,24000,1,0,24000),
(133,'170520000006','LAB00001','LA BOLD 20','PCS',23200,24000,1,0,24000),
(134,'170520000007','ARO00002','AROMA BOLD 12','PCS',10000,101000,3,0,303000),
(135,'180520000001','DJA00001','DJARUM 76 FILTER','PCS',15400,15500,10,0,155000),
(136,'180520000002','DUN00002','DUNHILL FILTER HITAM 16','PCS',21300,21500,5,0,107500),
(137,'180520000002','DUN00004','DUNHILL MILD 20','PCS',27200,27500,5,0,137500),
(138,'180520000002','16900001','169','PCS',5000,5200,5,0,26000),
(139,'180520000002','ARO00001','AROMA BOLD 12','PCS',10000,10200,5,0,51000),
(140,'180520000002','ARO00005','AROMA SLIM 16','PCS',10400,10500,5,0,52500),
(141,'180520000002','ARO00003','AROMA SLIM 12','PCS',7300,7500,5,0,37500),
(142,'180520000003','DJA00005','DJARUM 76-12','PCS',12600,13000,5,0,65000),
(143,'180520000003','DJA00007','DJARUM 76-16','PCS',17200,18000,5,0,90000),
(144,'180520000003','DJA00001','DJARUM 76 FILTER','PCS',15400,70000,1,0,70000);

/*Table structure for table `data_jual` */

DROP TABLE IF EXISTS `data_jual`;

CREATE TABLE `data_jual` (
  `jual_nofak` varchar(15) NOT NULL,
  `jual_tanggal` timestamp NULL DEFAULT CURRENT_TIMESTAMP,
  `jum_modal` double DEFAULT NULL,
  `jual_total` double DEFAULT NULL,
  `jual_jml_uang` double DEFAULT NULL,
  `jual_kembalian` double DEFAULT NULL,
  `jum_keuntungan` double DEFAULT NULL,
  `jual_user_id` varchar(200) DEFAULT NULL,
  `jual_keterangan` varchar(20) DEFAULT NULL,
  PRIMARY KEY (`jual_nofak`)
) ENGINE=InnoDB DEFAULT CHARSET=latin1;

/*Data for the table `data_jual` */

insert  into `data_jual`(`jual_nofak`,`jual_tanggal`,`jum_modal`,`jual_total`,`jual_jml_uang`,`jual_kembalian`,`jum_keuntungan`,`jual_user_id`,`jual_keterangan`) values 
('170520000001','2020-05-17 19:00:53',23200,24000,24000,0,800,'AAN','retail'),
('170520000002','2020-05-17 19:03:49',23200,24000,24000,0,800,'AAN','retail'),
('170520000003','2020-05-17 19:06:26',1,4,5,1,3,'AAN','retail'),
('170520000004','2020-05-17 19:10:22',1,4,5,1,3,'AAN','retail'),
('170520000005','2020-05-17 19:15:23',23200,24000,24000,0,800,'AAN','retail'),
('170520000006','2020-05-17 20:14:56',23200,24000,24000,0,800,'AAN','retail'),
('170520000007','2020-05-17 21:43:53',30000,303000,305000,2000,273000,'AAN','grosir'),
('180520000001','2020-05-18 13:20:16',154000,155000,160000,5000,1000,'AAN','retail'),
('180520000002','2020-05-18 17:46:09',406000,412000,450000,38000,6000,'AAN','grosir'),
('180520000003','2020-05-18 17:51:50',164400,225000,230000,5000,60600,'AAN','retail');

/*Table structure for table `data_karyawan` */

DROP TABLE IF EXISTS `data_karyawan`;

CREATE TABLE `data_karyawan` (
  `id` int(11) NOT NULL AUTO_INCREMENT,
  `id_admin` int(11) DEFAULT '0',
  `name` varchar(50) NOT NULL,
  `address` varchar(200) DEFAULT NULL,
  `phone` varchar(20) DEFAULT NULL,
  PRIMARY KEY (`id`)
) ENGINE=InnoDB AUTO_INCREMENT=5 DEFAULT CHARSET=latin1;

/*Data for the table `data_karyawan` */

insert  into `data_karyawan`(`id`,`id_admin`,`name`,`address`,`phone`) values 
(1,6,'KASIR','KASIR','000123'),
(4,9,'AAN','BOBOTSARI','085701621774');

/*Table structure for table `data_kategori` */

DROP TABLE IF EXISTS `data_kategori`;

CREATE TABLE `data_kategori` (
  `id` int(11) NOT NULL AUTO_INCREMENT,
  `kategori` varchar(40) NOT NULL,
  PRIMARY KEY (`id`)
) ENGINE=InnoDB AUTO_INCREMENT=47 DEFAULT CHARSET=latin1;

/*Data for the table `data_kategori` */

insert  into `data_kategori`(`id`,`kategori`) values 
(1,'ALAT POTONG'),
(2,'ALAT TULIS'),
(3,'BAHAN ROTI'),
(4,'BATU'),
(5,'BEDAK'),
(6,'BOHLAM'),
(7,'BUBUR'),
(8,'BUMBU'),
(11,'CAOS'),
(12,'HAND&BADY'),
(13,'JAJANAN'),
(14,'KARET'),
(15,'KECAP'),
(16,'KERTAS'),
(17,'KOPI'),
(18,'KOREK'),
(19,'KOSMETIK'),
(20,'KRESEK'),
(21,'KRUPUK'),
(22,'MICIN'),
(23,'MIE'),
(24,'MINUMAN'),
(25,'MINYAK'),
(26,'OBAT'),
(27,'OBAT NYAMUK'),
(28,'ODOL'),
(29,'PEMBALUT'),
(30,'PERMEN'),
(31,'PEWANGI'),
(32,'PLASTIK'),
(33,'ROKOK'),
(34,'SABUN BATANG'),
(35,'SABUN BUBUK'),
(36,'SABUN CAIR'),
(37,'SABUN COLEK'),
(38,'SAMPO'),
(39,'SANDAL'),
(40,'SEMBAKO'),
(41,'SIKAT'),
(42,'SUSU'),
(43,'TALI'),
(44,'TEH'),
(45,'TEPUNG'),
(46,'UYAH');

/*!40101 SET SQL_MODE=@OLD_SQL_MODE */;
/*!40014 SET FOREIGN_KEY_CHECKS=@OLD_FOREIGN_KEY_CHECKS */;
/*!40014 SET UNIQUE_CHECKS=@OLD_UNIQUE_CHECKS */;
/*!40111 SET SQL_NOTES=@OLD_SQL_NOTES */;
