/*
SQLyog Professional v12.5.1 (64 bit)
MySQL - 5.7.24 : Database - kasir
*********************************************************************
*/

/*!40101 SET NAMES utf8 */;

/*!40101 SET SQL_MODE=''*/;

/*!40014 SET @OLD_UNIQUE_CHECKS=@@UNIQUE_CHECKS, UNIQUE_CHECKS=0 */;
/*!40014 SET @OLD_FOREIGN_KEY_CHECKS=@@FOREIGN_KEY_CHECKS, FOREIGN_KEY_CHECKS=0 */;
/*!40101 SET @OLD_SQL_MODE=@@SQL_MODE, SQL_MODE='NO_AUTO_VALUE_ON_ZERO' */;
/*!40111 SET @OLD_SQL_NOTES=@@SQL_NOTES, SQL_NOTES=0 */;
CREATE DATABASE /*!32312 IF NOT EXISTS*/`kasir` /*!40100 DEFAULT CHARACTER SET latin1 */;

USE `kasir`;

/*Table structure for table `admin` */

DROP TABLE IF EXISTS `admin`;

CREATE TABLE `admin` (
  `id` int(11) NOT NULL AUTO_INCREMENT,
  `username` varchar(15) DEFAULT NULL,
  `password` varchar(50) DEFAULT NULL,
  `nama` varchar(50) DEFAULT NULL,
  `foto` varchar(255) DEFAULT NULL,
  `authority_level` varchar(50) NOT NULL,
  PRIMARY KEY (`id`)
) ENGINE=InnoDB AUTO_INCREMENT=11 DEFAULT CHARSET=latin1;

/*Data for the table `admin` */

insert  into `admin`(`id`,`username`,`password`,`nama`,`foto`,`authority_level`) values 
(1,'admin','21232f297a57a5a743894a0e4a801fc3','admin','profil11.jpg','ADMIN'),
(5,'NANANG','38a96b68040b114e0665be56fe0e7e26','NANANG',NULL,'KASIR'),
(6,'kasir','c7911af3adbd12a035b289556d96470a','KASIR',NULL,'KASIR'),
(9,'aan1','c400557746413ee8cb616664f5912530','AAN',NULL,'ADMIN'),
(10,'admin','5f4dcc3b5aa765d61d8327deb882cf99','TES DAMA',NULL,'KASIR');

/*Table structure for table `data_barang` */

DROP TABLE IF EXISTS `data_barang`;

CREATE TABLE `data_barang` (
  `id` int(11) NOT NULL AUTO_INCREMENT,
  `id_brg` varchar(50) NOT NULL COMMENT 'prefix 3 karakter pertama + lima digit generate',
  `barcode_brg` varchar(50) DEFAULT NULL COMMENT 'barcode di barang',
  `nama_brg` varchar(40) NOT NULL,
  `kategori` varchar(40) NOT NULL,
  `hrg_beli_pcs` int(10) DEFAULT '0',
  `hrg_beli_renteng` int(10) DEFAULT '0',
  `hrg_beli_pax` int(10) DEFAULT '0',
  `hrg_beli_dus` int(10) DEFAULT '0',
  `pcs_hrgjual_retail` int(10) DEFAULT '0',
  `renteng_hrgjual_retail` int(10) DEFAULT '0',
  `pax_hrgjual_retail` int(10) DEFAULT '0',
  `dus_hrgjual_retail` int(10) DEFAULT '0',
  `pcs_hrgjual_grosir` int(10) DEFAULT '0',
  `renteng_hrgjual_grosir` int(10) DEFAULT '0',
  `pax_hrgjual_grosir` int(10) DEFAULT '0',
  `dus_hrgjual_grosir` int(10) DEFAULT '0',
  `keterangan` varchar(200) DEFAULT NULL,
  PRIMARY KEY (`id`)
) ENGINE=InnoDB AUTO_INCREMENT=259 DEFAULT CHARSET=latin1;

/*Data for the table `data_barang` */

insert  into `data_barang`(`id`,`id_brg`,`barcode_brg`,`nama_brg`,`kategori`,`hrg_beli_pcs`,`hrg_beli_renteng`,`hrg_beli_pax`,`hrg_beli_dus`,`pcs_hrgjual_retail`,`renteng_hrgjual_retail`,`pax_hrgjual_retail`,`dus_hrgjual_retail`,`pcs_hrgjual_grosir`,`renteng_hrgjual_grosir`,`pax_hrgjual_grosir`,`dus_hrgjual_grosir`,`keterangan`) values 
(31,'16900001','8997018920135','169 EDITAAAA','33',5000,0,50000,0,5500,6000,0,0,5200,0,51000,0,'HARGA / BUNGKUS / PAK'),
(32,'ARO00001','8994796271299','AROMA BOLD 12','33',10000,0,100000,0,11000,0,0,0,10200,0,0,0,'HARGA / BUNGKUS'),
(33,'ARO00002','8994796271268','AROMA BOLD 12','33',10000,0,100000,0,0,0,0,0,0,0,101000,0,'HARGA / PAK'),
(34,'ARO00003','8994796161279','AROMA SLIM 12','33',7300,0,73000,0,8000,0,0,0,7500,0,0,0,'HARGA / BUNGKUS'),
(35,'ARO00004','8994796161248','AROMA SLIM 12','33',7300,0,73000,0,0,0,0,0,0,0,74000,0,'HARGA / PAK'),
(36,'ARO00005','8994796151294','AROMA SLIM 16','33',10400,0,104000,0,11000,0,0,0,10500,0,0,0,'HARGA / BUNGKUS'),
(37,'ARO00006','8994796151300','AROMA SLIM 16','33',10400,0,104000,0,0,0,0,0,0,0,104500,0,'HARGA / PAK'),
(38,'CLA00001','8993989311699','CLAS MILD 16','33',20700,0,207000,0,21500,0,0,0,21000,0,0,0,'HARGA / BUNGKUS'),
(39,'CLA00002','8993989311668','CLAS MILD 16','33',20700,0,207000,0,0,0,0,0,0,0,208000,0,'HARGA / PAK'),
(40,'CLA00003','8993989331659','CLAS MILD SILVER 16','33',16700,0,167000,0,17500,0,0,0,17000,0,0,0,'HARGA / BUNGKUS'),
(43,'DJA00027','8991906101767','DJARUM 76-10','33',9800,0,98000,0,11000,0,0,0,10000,0,0,0,'HARGA / BUNGKUS'),
(44,'DJA00028','8991906151762','DJARUM 76-10','33',9800,0,98000,0,0,0,0,0,0,0,99000,0,'HARGA / PAK'),
(45,'DJA00030','8991906101668','DJARUM 76-12','33',12600,0,126000,0,13000,0,0,0,12800,0,0,0,'HARGA / BUNGKUS'),
(46,'DJA00031','8991906151663','DJARUM 76-12','33',12600,0,126000,0,0,0,0,0,0,0,126500,0,'HARGA / PAK'),
(47,'DJA00032','8991906101729','DJARUM 76-16','33',17200,0,172000,0,18000,0,0,0,17500,0,0,0,'HARGA / BUNGKUS'),
(48,'DJA00033','8991906151724','DJARUM 76-16','33',17200,0,172000,0,0,0,0,0,0,0,173000,0,'HARGA / PAK'),
(50,'DJA00035','8991906151120','DJARUM BLACK 16','33',20800,0,208000,0,0,0,0,0,0,0,209000,0,'HARGA / PAK'),
(51,'DJA00009','8991906101132','DJARUM LA MERAH 12','33',15100,0,151000,0,15500,0,0,0,15300,0,0,0,'HARGA / BUNGKUS'),
(52,'DJA00010','8991906151137','DJARUM LA MERAH 12','33',15100,0,151000,0,0,0,0,0,0,0,152000,0,'HARGA / PAK'),
(53,'DJA00011','8991906101057','DJARUM LA MERAH 16','33',20800,0,208000,0,21500,0,0,0,21000,0,0,0,'HARGA / BUNGKUS'),
(54,'DJA00012','8991906151052','DJARUM LA MERAH 16','33',20800,0,208000,0,0,0,0,0,0,0,209000,0,'HARGA / PAK'),
(55,'DJA00013','8991906108896','DJARUM LA BOLD 12','33',15000,0,150000,0,15500,0,0,0,15200,0,0,0,'HARGA / BUNGKUS'),
(56,'DJA00014','8991906158891','DJARUM LA BOLD 12','33',15000,0,150000,0,0,0,0,0,0,0,151000,0,'HARGA / PAK'),
(57,'DJA00015','8991906101422','DJARUM LA BOLD 16','33',19100,0,191000,0,20000,0,0,0,19300,0,0,0,'HARGA / BUNGKUS '),
(58,'DJA00016','8991906105758','DJARUM LA BOLD 20','33',23200,0,232000,0,24000,0,0,0,23500,0,0,0,'HARGA / BUNGKUS'),
(59,'DJA00017','8991906155753','DJARUM LA BOLD 20','33',23200,0,232000,0,0,0,0,0,0,0,233000,0,'HARGA / PAK'),
(60,'DJA00018','8991906101101','DJARUM LA ICE 16','33',20800,0,208000,0,21500,0,0,0,21000,0,0,0,'HARGA / BUNGKUS'),
(61,'DJA00019','8991906151106','DJARUM LA ICE 16','33',20800,0,208000,0,0,0,0,0,0,0,209000,0,'HARGA / PAK'),
(62,'DJA00020','8991906101071','DJARUM LA MENTOL 16','33',20800,0,208000,0,21500,0,0,0,21000,0,0,0,'HARGA / BUNGKUS'),
(63,'DJA00021','8991906151076','DJARUM LA MENTOL 16','33',20800,0,208000,0,0,0,0,0,0,0,209000,0,'HARGA / PAK'),
(64,'DJA00022','8991906101019','DJARUM SUPER 12','33',16500,0,165000,0,17000,0,0,0,16700,0,0,0,'HARGA / BUNGKUS'),
(65,'DJA00023','8991906151014','DJARUM SUPER 12','33',16500,0,165000,0,0,0,0,0,0,0,166000,0,'HARGA / PAK'),
(66,'DJA00024','8991906101026','DJARUM SUPER 16','33',22500,0,225000,0,23000,0,0,0,22700,0,0,0,'HARGA / BUNGKUS'),
(67,'DJA00025','8991906151021','DJARUM SUPER 16','33',22500,0,225000,0,0,0,0,0,0,0,226000,0,'HARGA / PAK'),
(68,'DJA00026','8991906101620','DJARUM SUPER 50','33',64900,0,324500,0,70000,0,0,0,67000,0,326000,0,'HARGA / BUNGKUS / PAK'),
(69,'DJA00001','8991906108384','DJARUM SUPER MLD HITAM 12','33',15000,0,150000,0,15500,0,0,0,15200,0,0,0,'HARGA / BUNGKUS'),
(70,'DJA00002','8991906158389','DJARUM SUPER MLD HITAM 12','33',15000,0,150000,0,0,0,0,0,0,0,151000,0,'HARGA / PAK'),
(71,'DJA00003','8991906109992','DJARUM SUPER MLD HITAM 16','33',20900,0,209000,0,21500,0,0,0,21200,0,0,0,'HARGA / BUNGKUS'),
(72,'DJA00004','8991906159997','DJARUM SUPER MLD HITAM 16','33',20900,0,209000,0,0,0,0,0,0,0,210000,0,'HARGA / PAK'),
(73,'DJA00005','8991906101415','DJARUM SUPER MLD PUTIH 12','33',14200,0,142000,0,15000,0,0,0,14500,0,0,0,'HARGA / BUNGKUS'),
(74,'DJA00006','8991906151410','DJARUM SUPER MLD PUTIH 12','33',14200,0,142000,0,0,0,0,0,0,0,143000,0,'HARGA / PAK'),
(76,'DJA00007','8991906151366','DJARUM SUPER MLD PUTIH 20','33',24000,0,240000,0,0,0,0,0,0,0,241000,0,'HARGA / PAK'),
(77,'DUN00001','8998127921754','DUNHILL FILTER HITAM 12','33',13300,0,133000,0,15000,0,0,0,14000,0,135000,0,'HARGA / BUNGKUS / PAK'),
(78,'DUN00002','8998127912363','DUNHILL FILTER HITAM 16','33',21300,0,213000,0,22000,0,0,0,21500,0,214000,0,'HARGA / BUNGKUS / PAK'),
(79,'DUN00003','8998127921709','DUNHILL MILD 16','33',18300,0,183000,0,19000,0,0,0,18500,0,184000,0,'HARGA / BUNGKUS / PAK'),
(80,'DUN00004','8998127912370','DUNHILL MILD 20','33',27200,0,272000,0,28000,0,0,0,27500,0,273000,0,'HARGA / BUNGKUS / PAK'),
(81,'DJA00008','8991906101361','DJARUM SUPER MLD PUTIH 20','33',24000,0,240000,0,24500,0,0,0,24200,0,0,0,'HARGA / BUNGKUS'),
(82,'DJA00036','8991906101309','DJARUM 76 FILTER 12','33',15400,0,154000,0,16000,0,0,0,15600,0,0,0,'HARGA / BUNGKUS'),
(83,'DJA00037','8991906151304','DJARUM 76 FILTER 12','33',15400,0,154000,0,0,0,0,0,0,0,155000,0,'HARGA / PAK'),
(84,'GGF00001','8998989100120','GG FILTER 12','33',16500,0,330000,0,17500,0,0,0,17200,0,0,0,'HARGA / BUNGKUS'),
(85,'GGF00002','8998989810012','GG FILTER 12','33',16500,0,330000,0,0,0,0,0,0,0,340000,0,'HARGA / PAK'),
(86,'GGM00001','8998989500128','GG MERAH TEBAL 12','33',11850,0,118500,0,12500,0,0,0,12200,0,0,0,'HARGA / BUNGKUS'),
(87,'GGM00002','8998989850049','GG MERAH TEBAL 12','33',11850,0,118500,0,0,0,0,0,0,0,120000,0,'HARGA / PAK'),
(88,'GGP00001','8998989300292','GG PATRA 12','33',9400,0,94000,0,10000,0,0,0,9700,0,0,0,'HARGA / BUNGKUS'),
(89,'GGP00002','8998989400299','GG PATRA 12','33',9400,0,94000,0,0,0,0,0,0,0,95000,0,'HARGA / PAK'),
(90,'GGP00003','8998989121163','GG PROFESIONAL ABANG 16','33',17500,0,175000,0,18000,0,0,0,17700,0,0,0,'HARGA / BUNGKUS'),
(91,'GGP00004','8998989812115','GG PROFESIONAL ABANG 16','33',17500,0,175000,0,0,0,0,0,0,0,176000,0,'HARGA / PAK'),
(92,'GGP00005','8998989300391','GG PROMILD PUTIH 16','33',17500,0,175000,0,18000,0,0,0,17700,0,0,0,'HARGA / BUNGKUS'),
(93,'GGP00006','8998989400398','GG PROMILD PUTIH 16','33',17500,0,175000,0,0,0,0,0,0,0,176000,0,'HARGA / PAK'),
(94,'GGS00001','8998989300155','GG SIGNATUR 12','33',15400,0,154000,0,16000,0,0,0,15600,0,0,0,'HARGA / BUNGKUS'),
(95,'GGS00002','8998989400152','GG SIGNATUR 12','33',15400,0,154000,0,0,0,0,0,0,0,155000,0,'HARGA / PAK'),
(96,'GGS00003','8998989520126','GG SRIWEDARI 12','33',10600,0,106000,0,11000,0,0,0,10800,0,0,0,'HARGA / BUNGKUS'),
(97,'GGS00004','8998989852029','GG SRIWEDARI 12','33',10600,0,106000,0,0,0,0,0,0,0,107000,0,'HARGA / PAK'),
(98,'GGS00005','8998989110167','GG SURYA 16','33',22000,0,220000,0,23000,0,0,0,22500,0,0,0,'HARGA / BUNGKUS'),
(99,'GGS00006','8998989811026','GG SURYA 16','33',22000,0,220000,0,0,0,0,0,0,0,221000,0,'HARGA / PAK'),
(101,'DJA00038','8991906151427','DJARUM LA BOLD 16','33',19100,0,191000,0,0,0,0,0,0,0,192000,0,'HARGA / PAK'),
(102,'GGM00003','8998989501125','GG MERAH TIPIS 12 PCS','33',11850,0,118500,0,12500,0,0,0,12200,0,0,0,'HARGA / BUNGKUS'),
(103,'GGM00004','8998989850117','GG MERAH TIPIS 12 PAK','33',11850,0,118500,0,0,0,0,0,0,0,120000,0,'HARGA / PAK'),
(104,'GGM00005','8998989300087','GG MILD 16','33',18400,0,184000,0,19000,0,0,0,18600,0,185000,0,'HARGA / BUNGKUS / PAK'),
(105,'GGM00006','8998989300179','GG MILD SHIVER 16','33',18400,0,184000,0,19000,0,0,0,18600,0,185000,0,'HARGA / BUNGKUS / PAK'),
(106,'GGS00007','8998989300230','GG SIGNATUR MILD 16','33',18000,0,180000,0,18500,0,0,0,18200,0,181000,0,'HARGA / BUNGKUS / PAK'),
(107,'GGS00008','8998989110129','GG SURYA 12','33',16300,0,163000,0,17000,0,0,0,16500,0,0,0,'HARGA / BUNGKUS'),
(108,'GGS00009','8998989811019','GG SURYA 12','33',16300,0,163000,0,0,0,0,0,0,0,164000,0,'HARGA / PAK'),
(109,'LCB00001','8997215430031','LC BOLD 20','33',16700,0,167000,0,17500,0,0,0,17000,0,169000,0,'HARGA / BUNGKUS / PAK'),
(111,'LOD00002','8999448854349','LODJIE BOLD 20','33',15000,0,150000,0,16000,0,0,0,15200,0,151000,0,'HARGA / BUNGKUS / PAK'),
(112,'LOD00003','8997221460091','LODJIE ABANG 99 12','33',5300,0,53000,0,6000,0,0,0,5500,0,53500,0,'HARGA / BUNGKUS / PAK'),
(113,'LOD00004','8997221460039','LODJIE GOLD 12','33',6300,0,63000,0,7000,0,0,0,6500,0,63500,0,'HARGA / BUNGKUS / PAK'),
(114,'LOD00005','8997221460046','LODJIE IJO 99 12','33',5300,0,53000,0,6000,0,0,0,5500,0,53500,0,'HARGA / BUNGKUS / PAK'),
(115,'MAR00001','8999909000773','MARLBORO FILTER BLACK 12','33',15900,0,159000,0,16500,0,0,0,16200,0,0,0,'HARGA / BUNGKUS'),
(116,'MAR00002','8999909000780','MARLBORO FILTER BLACK 12','33',15900,0,159000,0,0,0,0,0,0,0,160000,0,'HARGA / PAK'),
(117,'MAR00003','8999909000544','MARLBORO FILTER BLACK 20','33',27000,0,270000,0,27500,0,0,0,27200,0,0,0,'HARGA / BUNGKUS'),
(118,'MAR00004','8999909000551','MARLBORO FILTER BLACK 20','33',27000,0,270000,0,0,0,0,0,0,0,271000,0,'HARGA / PAK'),
(119,'MAR00005','8997018460150','MARLBORO ICE BURST 20','33',27550,0,275500,0,28000,0,0,0,27700,0,276500,0,'HARGA / BUNGKUS / PAK'),
(121,'MAR00006','76239878','MARLBORO GOLD LIGHTS 20','33',27550,0,275500,0,28000,0,0,0,27700,0,0,0,'HARGA / BUNGKUS'),
(122,'MAR00007','7623900001033','MARLBORO GOLD LIGHTS 20','33',27550,0,275500,0,0,0,0,0,0,0,276500,0,'HARGA / PAK'),
(123,'MAR00008','76164217','MARLBORO ABANG 20','33',27550,0,275500,0,28000,0,0,0,27700,0,0,0,'HARGA / BUNGKUS'),
(124,'MAR00009','7616400001573','MARLBORO ABANG 20','33',27550,0,275500,0,0,0,0,0,0,0,276500,0,'HARGA / PAK'),
(125,'RAJ00001','1','RAJA SEJATI ABANG 12','33',5400,0,54000,0,6000,0,0,0,5500,0,54500,0,'HARGA / BUNGKUS / PAK'),
(126,'SAM00001','8999909001626','SAMPOERNA A FILTER 12','33',13350,0,133500,0,14000,0,0,0,13500,0,134000,0,'HARGA / BUNGKUS / PAK'),
(127,'SAM00002','8999909982000','SAMPOERNA MILD ABANG 12','33',15900,0,159000,0,16500,0,0,0,16200,0,0,0,'HARGA / BUNGKUS'),
(128,'SAM00003','8999909999442','SAMPOERNA MILD ABANG 12','33',15900,0,159000,0,0,0,0,0,0,0,160000,0,'HARGA / PAK'),
(129,'SAM00004','8999909096004','SAMPOERNA MILD ABANG 16','33',21900,0,219000,0,22500,0,0,0,22200,0,0,0,'HARGA / BUNGKUS'),
(130,'SAM00005','8999909424999','SAMPOERNA MILD ABANG 16','33',21900,0,219000,0,0,0,0,0,0,0,221000,0,'HARGA / PAK'),
(132,'SAM00006','8999909000377','SAMPOERNA AVOLUTION ABANG 20','33',26900,0,269000,0,27500,0,0,0,27200,0,0,0,'HARGA / BUNGKUS'),
(133,'SAM00007','8999909000384','SAMPOERNA AVOLUTION ABANG 20','33',26900,0,269000,0,0,0,0,0,0,0,270000,0,'HARGA / PAK'),
(134,'SAM00008','8999909000483','SAMPOERNA AVOLUTION MENTHOL 20','33',26900,0,269000,0,27500,0,0,0,27200,0,270000,0,'HARGA / BUNGKUS / PAK'),
(135,'SAM00009','8999909085114','SAMPOERNA KRETEK 12','33',11400,0,114000,0,12000,0,0,0,11600,0,0,0,'HARGA / BUNGKUS'),
(137,'MAG00001','8999909001909','MAGNUM FILTER HITAM 12','33',16300,0,163000,0,17000,0,0,0,16500,0,0,0,'HARGA / BUNGKUS'),
(138,'MAG00002','8999909000919','MAGNUM FILTER HITAM 12','33',16300,0,163000,0,0,0,0,0,0,0,164000,0,'HARGA / PAK'),
(139,'MAG00003','8999909000711','MAGNUM MILD BIRU 16','33',18300,0,183000,0,19000,0,0,0,18500,0,0,0,'HARGA / BUNGKUS'),
(140,'MAG00004','8999909000728','MAGNUM MILD BIRU 16','33',18300,0,183000,0,0,0,0,0,0,0,184000,0,'HARGA / PAK'),
(141,'PHI00001','8999909001213','PHILIPMORRIS BOLD 12','33',15900,0,159000,0,16500,0,0,0,16200,0,160000,0,'HARGA / BUNGKUS / PAK'),
(142,'DJI00001','8999909028999','DJI SAM SOE REVIL HITAM 12','33',19200,0,192000,0,20000,0,0,0,19500,0,0,0,'HARGA / BUNGKUS'),
(143,'DJI00002','8999909038899','DJI SAM SOE REVIL HITAM 12','33',19200,0,192000,0,0,0,0,0,0,0,193000,0,'HARGA / PAK'),
(144,'SAM00011','8999909000407','SAMPOERNA KRETEK 12','33',11400,0,114000,0,0,0,0,0,0,0,115000,0,'HARGA / PAK'),
(146,'DJI00003','8999909028234','DJI SAM SOE KRETEK 12','33',15850,0,158500,0,16500,0,0,0,16200,0,0,0,'HARGA / BUNGKUS'),
(147,'DJI00004','8999909000605','DJI SAM SOE KRETEK 12','33',15850,0,158500,0,0,0,0,0,0,0,160000,0,'HARGA / PAK'),
(150,'DJI00007','8999909010567','DJI SAM SOE KRETEK 16','33',21450,0,214500,0,22000,0,0,0,21700,0,0,0,'HARGA / BUNGKUS'),
(151,'DJI00008','8999909005860','DJI SAM SOE KRETEK 16','33',21450,0,214500,0,0,0,0,0,0,0,215500,0,'HARGA / PAK'),
(152,'SUK00001','8999090102157','SUKUN IJO SPECIAL 12','33',7140,0,71400,0,7500,0,0,0,7300,0,0,0,'HARGA / BUNGKUS'),
(153,'SUK00002','8999090522641','SUKUN IJO SPECIAL 12','33',7140,0,71400,0,0,0,0,0,0,0,72000,0,'HARGA / PAK'),
(154,'SUK00003','8999090512468','SUKUN ABANG PREMIERE 12','33',7500,0,75000,0,8000,0,0,0,7700,0,0,0,'HARGA / BUNGKUS'),
(155,'SUK00004','8999090512475','SUKUN ABANG PREMIERE 12','33',7500,0,75000,0,0,0,0,0,0,0,76000,0,'HARGA / PAK'),
(156,'UMI00001','8995078803078','U MILD 16','33',20200,0,202000,0,21000,0,0,0,20500,0,0,0,'HARGA / BUNGKUS'),
(157,'UMI00002','8995078803177','U MILD 16','33',20200,0,202000,0,0,0,0,0,0,0,203000,0,'HARGA / PAK'),
(158,'GGD00001','8998989502122','GG DJAYA 12','33',10600,0,106000,0,11000,0,0,0,10800,0,0,0,'HARGA / BUNGKUS'),
(159,'GGD00002','8998989850223','GG DJAYA 12','33',10600,0,106000,0,0,0,0,0,0,0,107000,0,'HARGA / PAK'),
(162,'DJI00009','8999909000629','DJI SAM SOE KRETEK EDISI KHUSUS 12','33',15850,0,158500,0,16500,0,0,0,16200,0,0,0,'HARGA / BUNGKUS'),
(163,'DJI00010','8999909000698','DJI SAM SOE KRETEK EDISI KHUSUS 12','33',15850,0,158500,0,0,0,0,0,0,0,160000,0,'HARGA / PAK'),
(164,'SAM00012','8999909000988','SAMPOERNA KRETEK EDISI KHUSUS 12','33',11400,0,114000,0,12000,0,0,0,11600,0,0,0,'HARGA / BUNGKUS'),
(165,'SAM00013','8999909000995','SAMPOERNA KRETEK EDISI KHUSUS 12','33',11400,0,114000,0,0,0,0,0,0,0,115000,0,'HARGA / PAK'),
(166,'CLA00004','8993989331680','CLAS MILD SILVER 16','33',16700,0,167000,0,0,0,0,0,0,0,168000,0,'HARGA / PAK'),
(167,'HAN00001','8999777026370','HANSAPLAST EXTRA KOYO','26',0,0,23000,0,500,0,0,0,3000,0,28000,0,'ISI 100 LEMBAR'),
(168,'ULT00001','8997014050010','ULTRAFLU','26',650,0,2500,62000,1000,0,3000,0,0,0,2800,65000,'1BOX 25LP'),
(169,'POL00001','8993008235043','POLDANMIG','26',700,0,2800,0,1000,0,3500,0,0,0,3000,0,'1LP 4BJ'),
(170,'PAN00001','8992695110206','PANADOL EXTRA ABANG','26',900,0,90000,0,1500,0,0,0,10000,0,92500,0,'ISI 10LP'),
(171,'PRO00001','8992858664713','PROMAG TABLET','26',550,0,0,18250,0,0,0,0,0,0,0,20000,'1DUS 3LP'),
(172,'BOD00001','8999908000200','BODREX BUNDAR','26',325,0,3200,6400,500,0,0,0,0,0,4000,7000,'1DUS 2LP'),
(173,'SAL00001','8992870410206','SALONPAS','26',550,0,6200,0,1000,0,0,0,0,0,7000,0,'1LP 12LBR'),
(174,'POL00002','8993008232509','POLDANMIG','26',2800,0,0,70000,0,0,0,0,0,0,0,72000,'1BOX  25LP'),
(175,'PRO00002','8992858664706','PROMAG TABLET','26',550,0,6200,0,750,0,0,0,0,0,7000,0,'1LP 12BJ'),
(176,'SAL00002','8992870311084','SALONPAS','26',550,0,0,62000,0,0,0,0,0,0,0,65000,'1BOX 12LP'),
(177,'ENT00001','8992858658217','ENTROSTOP','26',550,0,0,13000,0,0,0,0,0,0,0,14000,'1BOX 2LP'),
(178,'ENT00002','8992858658200','ENTROSTOP','26',550,0,6500,0,750,0,0,0,0,0,7000,0,'1LP 12BJ'),
(179,'BOD00002','8999908285003','BODREX EXTRA','26',450,0,1750,0,750,0,2500,0,0,0,2000,0,'1LP 4BJ'),
(180,'BOD00003','8999908285102','BODREX EXTRA','26',450,0,0,43500,0,0,0,0,0,0,0,45000,'1BOX 25LP'),
(181,'BOD00004','8999908057709','BODREX FLU & BATUK PE','26',400,0,1600,0,500,0,2000,0,0,0,1800,0,'1LP 4BJ'),
(182,'BOD00005','8999908057808','BODREX FLU & BATUK PE','26',400,0,0,40000,0,0,0,0,0,0,0,42000,'1BOX 25LP'),
(183,'KON00001','8998667100084','KONIDIN TABLET','26',500,0,2000,0,750,0,2500,0,0,0,2200,0,'1LP 4BJ'),
(184,'PAR00001','8998667101432','PARAMEX FLU & BATUK','26',500,0,2000,0,750,0,2500,0,0,0,2200,0,'1LP 4BJ'),
(185,'PAR00002','8998667101487','PARAMEX NYERI OTOT','26',450,0,1800,0,750,0,2500,0,0,0,2200,0,'1LP 4BJ'),
(186,'NEO00001','8998667100169','NEONAPACIN','26',550,0,2150,0,750,0,2500,0,0,0,2400,0,'1LP 4BJ'),
(187,'INZ00001','8998667100732','INZA','26',500,0,2000,0,750,0,2500,0,0,0,2200,0,'1LP 4BJ'),
(188,'INZ00002','8998667100947','INZANA','1',300,0,900,0,500,0,1500,0,0,0,1000,0,'1LP 4BJ'),
(189,'PAR00003','8998667100206','PARAMEX BIRU','26',500,0,1850,0,750,0,2500,0,0,0,2000,0,'1LP 4BJ'),
(190,'PAR00004','8998667000582','PARAMEX BIRU','26',500,0,0,92000,0,0,0,0,0,0,0,95000,'1BOX 25LP'),
(191,'LAS00001','8992828831527','LASERIN DEWASA 30ML','26',4500,0,17500,0,5000,0,0,0,4700,0,18000,0,'1BOX 4BTL'),
(192,'PRO00003','8992858667202','PROCOLD FLU','26',550,0,3300,0,750,0,4000,0,0,0,3500,0,'1LP 6BJ'),
(193,'MIN00001','8993176110111','MINYAK URUT GPU 30ML','26',8000,0,96000,0,10000,0,0,0,9000,0,98000,0,'1PAK 12BJ'),
(194,'MIN00002','8993176110104','MINYAK URUT GPU 60ML','26',14000,0,166500,0,16000,0,0,0,15000,0,170000,0,'1PAK 12BJ'),
(195,'MIN00003','8993176110098','MINYAK KAYU PUTIH LANG 15ML','26',5100,0,61000,0,6500,0,0,0,5500,0,62500,0,'1PAK 12BJ'),
(196,'MIN00004','8993176110081','MINYAK KAYU PUTIH LANG 30ML','26',9500,0,112000,0,11000,0,0,0,10000,0,114000,0,'1PAK 12BJ'),
(197,'MIN00005','8993176110074','MINYAK KAYU PUTIH LANG 60ML','26',18000,0,215000,0,20000,0,0,0,19000,0,218000,0,'1PAK 12LP'),
(198,'TEL00001','8993176110135','TELON LANG 30ML','26',8500,0,101500,0,10000,0,0,0,9000,0,105000,0,'1PAK 12BJ'),
(199,'TEL00002','8993176803099','TELON LANG 60ML','26',15000,0,178000,0,17000,0,0,0,15500,0,180000,0,'1PAK 12BJ'),
(200,'MAZ00001','8997005570275','MAZZONI JAGUNG MANIS 100GR','8',3700,0,37000,0,5000,0,0,0,4500,0,40000,0,'1RT 10BJ'),
(201,'MAZ00002','8997005571258','MAZZONI PEDAS MANIS 100GR','8',3700,0,37000,0,5000,0,0,0,4500,0,40000,0,'1RT 10BJ'),
(202,'MAZ00003','8997005570213','MAZZONI BALADO 100GR','8',3700,0,37000,0,5000,0,0,0,4500,0,40000,0,'1RT 10BJ'),
(203,'MAZ00004','8997005570398','MAZZONI AYAM BAWANG 100GR','8',3700,0,37000,0,5000,0,0,0,4500,0,40000,0,'1RT 10BJ'),
(204,'KEC00001','8994297102153','KECAP MANIS NIKI SARI 260ML','15',6000,0,0,150000,6500,0,0,0,6200,0,0,155000,'1DUS 25BJ'),
(205,'BAG00001','8886020033431','BAGUS KAPUR AJAIB','27',2500,0,14000,84000,3500,0,0,0,3000,0,16000,90000,'1DUS 6BOX'),
(206,'CUS00001','8888103205018','CUSSONS BABY OIL BIRU 50ML','38',8800,0,105500,0,10000,0,0,0,9500,0,107500,0,'1PAK 12BJ'),
(207,'FAN00001','8992761145118','FANTA SODA WATER 250ML','24',2500,0,30000,0,3500,0,0,0,3000,0,32000,0,'1PAK 12BJ'),
(208,'SPR00001','8992761145026','SPRITE 250ML','24',2750,0,33000,0,3500,0,0,0,3000,0,35000,0,'1PAK 12BJ'),
(209,'SPR00002','8992761002022','SPRITE 390ML','24',3600,0,43000,0,4500,0,0,0,4000,0,46000,0,'1PAK 12BJ'),
(212,'COC00001','8992761002015','COCA COLA 350ML','24',3600,0,43000,0,4500,0,0,0,4000,0,46000,0,'1PAK 12BJ'),
(214,'REA00001','8993351160757','REAL GOOD COKLAT 125ML','42',1950,0,0,78000,3000,0,0,0,2500,0,0,80000,'1DUS 40BJ'),
(215,'REA00002','8993351139807','REAL GOOD COKLAT 50ML','42',860,0,0,41300,1000,0,0,0,900,0,0,42500,'1DUS 48BJ'),
(216,'REA00003','8993351160665','REAL GOOD GUAVA 55ML','42',850,0,0,40500,1000,0,0,0,900,0,0,42500,'1DUS 48BJ'),
(217,'REA00004','8993351160269','REAL GOOD BLACK CURRANT 50ML','42',850,0,0,40500,1000,0,0,0,900,0,0,42500,'1DUS 48BJ'),
(218,'REA00005','8993351160368','REAL GOOD ORANGE ','42',860,0,0,41500,1000,0,0,0,900,0,0,42500,'1DUS 48BJ'),
(219,'MAK00001','8888900322062','MAKARONI SEDANI PIPA 1KG','21',15500,0,0,155000,16500,0,0,0,16000,0,0,157000,'1DUS 10BJ'),
(221,'HEM00001','8992946522000','HEMART REVIL 500ML','25',6500,0,0,155000,7000,0,0,0,6800,0,0,157000,'1DUS 24BJ'),
(222,'ROM00001','8996001301371','ROMA KELAPA CREAM 40GR','13',1500,0,18000,0,2000,0,0,0,0,0,20000,0,'1BOX 12BJ'),
(223,'ROM00002','8996001301579','ROMA MALKIST COKLAT KELAPA 135GR','13',5000,0,30000,0,6000,0,0,0,5500,0,31000,0,'1PAK 6BJ'),
(224,'ROM00003','8996001302316','ROMA MALKIST ABON 27GR','13',800,0,8000,0,1000,0,0,0,0,0,9000,0,'1PAK 10BJ'),
(225,'ROM00004','8996001301562','ROMA MALKIST COKLAT KELAPA 22.5GR','13',800,0,16000,0,1000,0,0,0,0,0,18000,0,'1PAK 20+4BJ'),
(226,'ROM00005','8996001302323','ROMA MALKIST ABON 135GR','13',4700,0,28200,0,6000,0,0,0,5000,0,30000,0,'1PAK 6BJ'),
(227,'ROS00001','8993093665602','ROSE BRAND GELAS 220ML','25',2750,0,0,130000,3500,0,0,0,3000,0,0,135000,'1DUS 48BJ'),
(228,'ROS00002','8993093122501','ROSE BRAND TEPUNG BERAS 200GR','45',2400,0,0,120000,3000,0,0,0,2600,0,0,122000,'1DUS 50BJ PROMO DISC 2000'),
(229,'ROS00003','8993093115008','ROSE BRAND TEPUNG BERAS 500GR','45',5900,0,0,118000,6500,0,0,0,6300,0,0,120000,'1DUS 20BJ PROMO DISC 2000'),
(230,'ROS00004','8993093135006','ROSE BRAND TEPUNG KETAN 500GR','45',10750,0,0,215000,11500,0,0,0,11200,0,0,220000,'1DUS 20BJ'),
(231,'DJA00039','8991906101125','DJARUM BLACK 16','33',20800,0,208000,0,21500,0,0,0,21000,0,0,0,'1PAK 10BK'),
(234,'FAN00002','8992761145033','FANTA STROBERY 250ML','24',2750,0,33000,0,3500,0,0,0,3000,0,35000,0,'1PAK 12BJ'),
(235,'FAN00003','8992761002008','FANTA COLA PANDAN 390ML','24',3600,0,43000,0,4500,0,0,0,4000,0,46000,0,'1PAK 12BJ'),
(236,'CIM00001','8993200666348','CIMORY TAYO STROWBERY KOTAK 125ML','42',2000,0,0,79200,3000,0,0,0,2500,0,0,81000,'1DUS 40BJ'),
(237,'CIM00002','8993200666263','CIMORY TAYO COKELAT KOTAK 125ML','42',2000,0,0,79200,3000,0,0,0,2500,0,0,81000,'1DUS 40BJ'),
(238,'MEN00001','8990800020013','MENTOS MINT ZAK 135GR','30',0,0,5000,0,0,0,6000,0,0,0,6000,0,'1BK 50BJ'),
(239,'MEN00002','8990800004563','MENTOS FRUIT ZAK 135GR','30',0,0,5000,0,0,0,6000,0,0,0,6000,0,'1BK 50BJ'),
(240,'BIG00001','8990800016757','BIG BABOL TUTTI FRUTTI ZAK 140GR','30',0,0,7500,0,0,0,8500,0,0,0,8000,0,'1PAK 40BJ'),
(241,'BIG00002','8991115010126','BIG BABOL TUTTI FRUTTI STIK 22.5GR','30',1450,0,29000,0,2000,0,31000,0,0,0,30000,0,'1BOX 20BJ'),
(242,'BIG00003','8990800020327','BIG BABOL BLUEBERY STIK 22.5GR','30',1450,0,29000,0,2000,0,31000,0,0,0,30000,0,'1PAK 20BJ'),
(243,'LIF00001','8999999508609','LIFEBUOY HAND SANITIZER 50ML','36',11600,0,139200,0,15000,0,0,0,12500,0,142000,0,'1PAK 12BJ'),
(244,'GOO00001','8991002121010','GOOD DAY MOCACINNO BOTOL 250ML','24',4750,0,56700,0,6000,0,0,0,5500,0,58000,0,'1PAK 12BJ'),
(245,'GOO00002','8991002121089','GOOD DAY CAPPUCCINO BOTOL 250ML','24',4750,0,56700,0,6000,0,0,0,5500,0,58000,0,'1PAK 12BJ'),
(246,'YAK00001','8992994110112','YAKULT BOTOL 65ML','24',1550,0,7650,0,2000,0,0,0,1800,0,9000,0,'1PAK 5BJ'),
(247,'BEN00001','8992753101207','BENDERA KENTAL MANIS PUTIH KALENG 370GR','42',9600,0,0,460000,11000,0,0,0,10000,0,0,470000,'1DUS 48BJ'),
(248,'BEN00002','8992753102204','BENDERA COKLAT KALENG 370GR','42',9400,0,0,450000,10000,0,0,0,9700,0,0,460000,'1DUS 48GR'),
(249,'NAB00001','8993175531979','NABATI SIIP RICHOCO 5GR','13',400,0,8000,0,500,0,0,0,0,0,8500,0,'1BOX 20BJ'),
(250,'NAB00002','8993175531986','NABATI SIIP CORN 5GR','13',400,0,8000,0,500,0,0,0,0,0,8500,0,'1BOX 20BJ'),
(251,'NAB00003','8993175531993','NABATI SIIP RICHEESE 5GR','13',400,0,8000,0,500,0,0,0,0,0,8500,0,'1BOX 20BJ'),
(252,'NAB00004','8993175532907','NABATI RICHOCO WAFER 7.5GR','13',400,0,8000,0,500,0,0,0,0,0,8500,0,'1B0X 20BJ'),
(254,'KOM00001','8993058300401','KOMIX PROMO 12','26',1200,0,0,35000,1500,0,0,0,0,0,0,40000,''),
(255,'PLA00001','8993393600129','PLASTIK BOYO 1/2 KG','32',15850,0,0,155000,16500,0,0,160000,16200,0,0,159000,''),
(256,'aaa00001','','AAAAAABBBB','1',3232,0,232323,23232,0,0,0,0,0,0,0,0,''),
(257,'tes00001','123','tes barang edit','1',1000,0,1000,1000,0,0,0,0,0,0,0,0,''),
(258,'Ban00001','1234567890','Bangao 250ml','15',2500,65000,65000,250000,100001,200001,300001,400001,150001,350003,350001,450001,'Ini lagi testing');

/*Table structure for table `data_detail_jual` */

DROP TABLE IF EXISTS `data_detail_jual`;

CREATE TABLE `data_detail_jual` (
  `d_jual_id` int(11) NOT NULL AUTO_INCREMENT,
  `d_jual_nofak` varchar(15) DEFAULT NULL,
  `d_jual_barang_id` varchar(15) DEFAULT NULL,
  `d_jual_barang_nama` varchar(150) DEFAULT NULL,
  `d_jual_barang_satuan` varchar(30) DEFAULT NULL,
  `d_jual_barang_harpok` double DEFAULT NULL,
  `d_jual_barang_harjul` double DEFAULT NULL,
  `d_jual_qty` int(11) DEFAULT NULL,
  `d_jual_diskon` double DEFAULT NULL,
  `d_jual_total` double DEFAULT NULL,
  PRIMARY KEY (`d_jual_id`)
) ENGINE=InnoDB AUTO_INCREMENT=158 DEFAULT CHARSET=latin1;

/*Data for the table `data_detail_jual` */

insert  into `data_detail_jual`(`d_jual_id`,`d_jual_nofak`,`d_jual_barang_id`,`d_jual_barang_nama`,`d_jual_barang_satuan`,`d_jual_barang_harpok`,`d_jual_barang_harjul`,`d_jual_qty`,`d_jual_diskon`,`d_jual_total`) values 
(128,'170520000001','LAB00001','LA BOLD 20','PCS',23200,24000,1,0,24000),
(129,'170520000002','LAB00001','LA BOLD 20','PCS',23200,24000,1,0,24000),
(130,'170520000003','SUR00001','SURYA PRO','PCS',1,4,1,0,4),
(131,'170520000004','SUR00001','SURYA PRO','PCS',1,4,1,0,4),
(132,'170520000005','LAB00001','LA BOLD 20','PCS',23200,24000,1,0,24000),
(133,'170520000006','LAB00001','LA BOLD 20','PCS',23200,24000,1,0,24000),
(134,'170520000007','ARO00002','AROMA BOLD 12','PCS',10000,101000,3,0,303000),
(135,'180520000001','DJA00001','DJARUM 76 FILTER','PCS',15400,15500,10,0,155000),
(136,'180520000002','DUN00002','DUNHILL FILTER HITAM 16','PCS',21300,21500,5,0,107500),
(137,'180520000002','DUN00004','DUNHILL MILD 20','PCS',27200,27500,5,0,137500),
(138,'180520000002','16900001','169','PCS',5000,5200,5,0,26000),
(139,'180520000002','ARO00001','AROMA BOLD 12','PCS',10000,10200,5,0,51000),
(140,'180520000002','ARO00005','AROMA SLIM 16','PCS',10400,10500,5,0,52500),
(141,'180520000002','ARO00003','AROMA SLIM 12','PCS',7300,7500,5,0,37500),
(142,'180520000003','DJA00005','DJARUM 76-12','PCS',12600,13000,5,0,65000),
(143,'180520000003','DJA00007','DJARUM 76-16','PCS',17200,18000,5,0,90000),
(144,'180520000003','DJA00001','DJARUM 76 FILTER','PCS',15400,70000,1,0,70000),
(145,'261020000001','16900001','169 EDITAAAA','PCS',5000,5500,1,0,5500),
(146,'271020000001','16900001','169 EDITAAAA','PCS',5000,5500,1,0,5500),
(147,'271020000002','16900001','169 EDITAAAA','PCS',5000,5500,1,0,5500),
(148,'271020000003','16900001','169 EDITAAAA','PCS',5000,5500,1,0,5500),
(149,'271020000004','16900001','169 EDITAAAA','RTG',0,6000,2,0,12000),
(150,'271020000004','16900001','169 EDITAAAA','pcs',5000,5500,1,0,5500),
(151,'271020000004','16900001','169 EDITAAAA','PAK',50000,0,1,0,0),
(152,'271020000005','16900001','169 EDITAAAA','PCS',5000,5500,1,0,5500),
(153,'271020000006','16900001','169 EDITAAAA','RTG',0,6000,3,0,18000),
(154,'281020000001','ARO00001','AROMA BOLD 12','PCS',10000,11000,1,0,11000),
(155,'281020000001','1690000','169 EDITAAAA','RT',0,6000,2,0,12000),
(156,'291020000001','ARO00001','AROMA BOLD 12','PCS',10000,10200,1,0,10200),
(157,'291020000001','ARO0000','AROMA BOLD 12','RT',0,0,1,0,0);

/*Table structure for table `data_jual` */

DROP TABLE IF EXISTS `data_jual`;

CREATE TABLE `data_jual` (
  `jual_nofak` varchar(15) NOT NULL,
  `jual_tanggal` timestamp NULL DEFAULT CURRENT_TIMESTAMP,
  `jum_modal` double DEFAULT NULL,
  `jual_total` double DEFAULT NULL,
  `jual_jml_uang` double DEFAULT NULL,
  `jual_kembalian` double DEFAULT NULL,
  `jum_keuntungan` double DEFAULT NULL,
  `jual_user_id` varchar(200) DEFAULT NULL,
  `jual_keterangan` varchar(20) DEFAULT NULL,
  PRIMARY KEY (`jual_nofak`)
) ENGINE=InnoDB DEFAULT CHARSET=latin1;

/*Data for the table `data_jual` */

insert  into `data_jual`(`jual_nofak`,`jual_tanggal`,`jum_modal`,`jual_total`,`jual_jml_uang`,`jual_kembalian`,`jum_keuntungan`,`jual_user_id`,`jual_keterangan`) values 
('170520000001','2020-05-17 19:00:53',23200,24000,24000,0,800,'AAN','retail'),
('170520000002','2020-05-17 19:03:49',23200,24000,24000,0,800,'AAN','retail'),
('170520000003','2020-05-17 19:06:26',1,4,5,1,3,'AAN','retail'),
('170520000004','2020-05-17 19:10:22',1,4,5,1,3,'AAN','retail'),
('170520000005','2020-05-17 19:15:23',23200,24000,24000,0,800,'AAN','retail'),
('170520000006','2020-05-17 20:14:56',23200,24000,24000,0,800,'AAN','retail'),
('170520000007','2020-05-17 21:43:53',30000,303000,305000,2000,273000,'AAN','grosir'),
('180520000001','2020-05-18 13:20:16',154000,155000,160000,5000,1000,'AAN','retail'),
('180520000002','2020-05-18 17:46:09',406000,412000,450000,38000,6000,'AAN','grosir'),
('180520000003','2020-05-18 17:51:50',164400,225000,230000,5000,60600,'AAN','retail'),
('261020000001','2020-10-26 21:02:57',5000,5500,10000,4500,500,'admin','retail'),
('271020000001','2020-10-27 11:37:28',5000,5500,10000,4500,500,'admin','retail'),
('271020000002','2020-10-27 11:40:41',5000,5500,10000,4500,500,'admin','retail'),
('271020000003','2020-10-27 11:41:52',5000,5500,10000,4500,500,'admin','retail'),
('271020000004','2020-10-27 12:20:32',55000,17500,50000,32500,-37500,'admin','retail'),
('271020000005','2020-10-27 12:22:15',5000,5500,10000,4500,500,'admin','retail'),
('271020000006','2020-10-27 21:01:32',0,18000,20000,2000,18000,'admin','retail'),
('281020000001','2020-10-28 17:00:14',10000,23000,25000,2000,13000,'admin','retail'),
('291020000001','2020-10-29 10:37:45',10000,10200,20000,9800,200,'admin','grosir');

/*Table structure for table `data_karyawan` */

DROP TABLE IF EXISTS `data_karyawan`;

CREATE TABLE `data_karyawan` (
  `id` int(11) NOT NULL AUTO_INCREMENT,
  `id_admin` int(11) DEFAULT '0',
  `name` varchar(50) NOT NULL,
  `address` varchar(200) DEFAULT NULL,
  `phone` varchar(20) DEFAULT NULL,
  PRIMARY KEY (`id`)
) ENGINE=InnoDB AUTO_INCREMENT=6 DEFAULT CHARSET=latin1;

/*Data for the table `data_karyawan` */

insert  into `data_karyawan`(`id`,`id_admin`,`name`,`address`,`phone`) values 
(1,6,'KASIR','KASIR','000123'),
(4,9,'AAN','BOBOTSARI','085701621774'),
(5,10,'TES DAMA','TES','3433');

/*Table structure for table `data_kategori` */

DROP TABLE IF EXISTS `data_kategori`;

CREATE TABLE `data_kategori` (
  `id` int(11) NOT NULL AUTO_INCREMENT,
  `kategori` varchar(40) NOT NULL,
  PRIMARY KEY (`id`)
) ENGINE=InnoDB AUTO_INCREMENT=48 DEFAULT CHARSET=latin1;

/*Data for the table `data_kategori` */

insert  into `data_kategori`(`id`,`kategori`) values 
(1,'ALAT POTONG'),
(2,'ALAT TULIS'),
(3,'BAHAN ROTI'),
(4,'BATU'),
(5,'BEDAK'),
(6,'BOHLAM'),
(7,'BUBUR'),
(8,'BUMBU'),
(11,'CAOS'),
(12,'HAND&BADY'),
(13,'JAJANAN'),
(14,'KARET'),
(15,'KECAP'),
(16,'KERTAS'),
(17,'KOPI'),
(18,'KOREK'),
(19,'KOSMETIK'),
(20,'KRESEK'),
(21,'KRUPUK'),
(22,'MICIN'),
(23,'MIE'),
(24,'MINUMAN'),
(25,'MINYAK'),
(26,'OBAT'),
(27,'OBAT NYAMUK'),
(28,'ODOL'),
(29,'PEMBALUT'),
(30,'PERMEN'),
(31,'PEWANGI'),
(32,'PLASTIK'),
(33,'ROKOK'),
(34,'SABUN BATANG'),
(35,'SABUN BUBUK'),
(36,'SABUN CAIR'),
(37,'SABUN COLEK'),
(38,'SAMPO'),
(39,'SANDAL'),
(40,'SEMBAKO'),
(41,'SIKAT'),
(42,'SUSU'),
(43,'TALI'),
(44,'TEH'),
(45,'TEPUNG'),
(46,'UYAH'),
(47,'AAAAA');

/*Table structure for table `ws_users` */

DROP TABLE IF EXISTS `ws_users`;

CREATE TABLE `ws_users` (
  `username` varchar(50) NOT NULL,
  `password` varchar(50) NOT NULL,
  `status` varchar(50) NOT NULL,
  `access` int(1) NOT NULL,
  PRIMARY KEY (`username`)
) ENGINE=InnoDB DEFAULT CHARSET=latin1;

/*Data for the table `ws_users` */

insert  into `ws_users`(`username`,`password`,`status`,`access`) values 
('apitez','f870e66c3f9195531359acd7c8e36b42c36e4a93','1',2),
('xmlpti','f02183fb9e95afb76ae7b689e4646eeae61c74c3','1',1),
('xmltez','f02183fb9e95afb76ae7b689e4646eeae61c74c3','1',2);

/*!40101 SET SQL_MODE=@OLD_SQL_MODE */;
/*!40014 SET FOREIGN_KEY_CHECKS=@OLD_FOREIGN_KEY_CHECKS */;
/*!40014 SET UNIQUE_CHECKS=@OLD_UNIQUE_CHECKS */;
/*!40111 SET SQL_NOTES=@OLD_SQL_NOTES */;
